"CONTRACT SYMBOL","FTD","LTD","FND","LND","FDD","LDD","OPTIONS FTD","OPTIONS LTD"
"=""Aug15""","11/16/2009","07/16/2015","07/16/2015","07/16/2015","","","","07/13/2015",
"=""Sep15""","11/16/2009","08/14/2015","08/14/2015","08/14/2015","","","","08/11/2015",
"=""Oct15""","11/16/2009","09/15/2015","09/15/2015","09/15/2015","","","","09/10/2015",
"=""Nov15""","11/16/2009","10/15/2015","10/15/2015","10/15/2015","","","","10/12/2015",
"=""Dec15""","04/28/2008","11/13/2015","11/13/2015","11/13/2015","","","","11/10/2015",
"=""Jan16""","11/16/2010","12/16/2015","12/16/2015","12/16/2015","","","","12/11/2015",
"=""Feb16""","11/16/2010","01/14/2016","01/14/2016","01/14/2016","","","","01/11/2016",
"=""Mar16""","11/16/2010","01/29/2016","01/29/2016","01/29/2016","","","","01/26/2016",
"=""Apr16""","11/16/2010","02/29/2016","02/29/2016","02/29/2016","","","","02/24/2016",
"=""May16""","11/16/2010","03/31/2016","03/31/2016","03/31/2016","","","","03/24/2016",
"=""Jun16""","04/28/2008","04/29/2016","04/29/2016","04/29/2016","","","","04/26/2016",
"=""Jul16""","11/16/2010","05/31/2016","05/31/2016","05/31/2016","","","","05/25/2016",
"=""Aug16""","11/16/2010","06/30/2016","06/30/2016","06/30/2016","","","","06/27/2016",
"=""Sep16""","11/16/2010","07/29/2016","07/29/2016","07/29/2016","","","","07/26/2016",
"=""Oct16""","11/16/2010","08/31/2016","08/31/2016","08/31/2016","","","","08/25/2016",
"=""Nov16""","11/16/2010","09/30/2016","09/30/2016","09/30/2016","","","","09/27/2016",
"=""Dec16""","04/28/2008","10/31/2016","10/31/2016","10/31/2016","","","","10/26/2016",
"=""Jan17""","06/17/2013","11/30/2016","11/30/2016","11/30/2016","","","","11/25/2016",
"=""Feb17""","06/17/2013","12/29/2016","12/29/2016","12/29/2016","","","","12/22/2016",
"=""Mar17""","06/17/2013","01/31/2017","01/31/2017","01/31/2017","","","","01/26/2017",
"=""Apr17""","06/17/2013","02/28/2017","02/28/2017","02/28/2017","","","","02/23/2017",
"=""May17""","06/17/2013","03/31/2017","03/31/2017","03/31/2017","","","","03/28/2017",
"=""Jun17""","11/14/2008","04/28/2017","04/28/2017","04/28/2017","","","","04/25/2017",
"=""Jul17""","06/17/2013","05/31/2017","05/31/2017","05/31/2017","","","","05/25/2017",
"=""Aug17""","06/17/2013","06/30/2017","06/30/2017","06/30/2017","","","","06/27/2017",
"=""Sep17""","06/17/2013","07/31/2017","07/31/2017","07/31/2017","","","","07/26/2017",
"=""Oct17""","06/17/2013","08/31/2017","08/31/2017","08/31/2017","","","","08/25/2017",
"=""Nov17""","06/17/2013","09/29/2017","09/29/2017","09/29/2017","","","","09/26/2017",
"=""Dec17""","11/14/2008","10/31/2017","10/31/2017","10/31/2017","","","","10/26/2017",
"=""Jan18""","06/17/2013","11/30/2017","11/30/2017","11/30/2017","","","","11/27/2017",
"=""Feb18""","06/17/2013","12/28/2017","12/28/2017","12/28/2017","","","","12/21/2017",
"=""Mar18""","06/17/2013","01/31/2018","01/31/2018","01/31/2018","","","","01/26/2018",
"=""Apr18""","06/17/2013","02/28/2018","02/28/2018","02/28/2018","","","","02/23/2018",
"=""May18""","06/17/2013","03/29/2018","03/29/2018","03/29/2018","","","","03/26/2018",
"=""Jun18""","11/16/2009","04/30/2018","04/30/2018","04/30/2018","","","","04/25/2018",
"=""Jul18""","06/17/2013","05/31/2018","05/31/2018","05/31/2018","","","","05/25/2018",
"=""Aug18""","06/17/2013","06/29/2018","06/29/2018","06/29/2018","","","","06/26/2018",
"=""Sep18""","06/17/2013","07/31/2018","07/31/2018","07/31/2018","","","","07/26/2018",
"=""Oct18""","06/17/2013","08/31/2018","08/31/2018","08/31/2018","","","","08/28/2018",
"=""Nov18""","06/17/2013","09/28/2018","09/28/2018","09/28/2018","","","","09/25/2018",
"=""Dec18""","11/16/2009","10/31/2018","10/31/2018","10/31/2018","","","","10/26/2018",
"=""Jan19""","06/17/2013","11/30/2018","11/30/2018","11/30/2018","","","","11/27/2018",
"=""Feb19""","06/17/2013","12/28/2018","12/28/2018","12/28/2018","","","","12/21/2018",
"=""Mar19""","06/17/2013","01/31/2019","01/31/2019","01/31/2019","","","","01/28/2019",
"=""Apr19""","06/17/2013","02/28/2019","02/28/2019","02/28/2019","","","","02/25/2019",
"=""May19""","06/17/2013","03/29/2019","03/29/2019","03/29/2019","","","","03/26/2019",
"=""Jun19""","11/16/2010","04/30/2019","04/30/2019","04/30/2019","","","","04/25/2019",
"=""Jul19""","06/17/2013","05/31/2019","05/31/2019","05/31/2019","","","","05/28/2019",
"=""Aug19""","06/17/2013","06/28/2019","06/28/2019","06/28/2019","","","","06/25/2019",
"=""Sep19""","06/17/2013","07/31/2019","07/31/2019","07/31/2019","","","","07/26/2019",
"=""Oct19""","06/17/2013","08/30/2019","08/30/2019","08/30/2019","","","","08/27/2019",
"=""Nov19""","06/17/2013","09/30/2019","09/30/2019","09/30/2019","","","","09/25/2019",
"=""Dec19""","11/16/2010","10/31/2019","10/31/2019","10/31/2019","","","","10/28/2019",
"=""Jan20""","06/17/2013","11/29/2019","11/29/2019","11/29/2019","","","","11/26/2019",
"=""Feb20""","06/17/2013","12/30/2019","12/30/2019","12/30/2019","","","","12/23/2019",
"=""Mar20""","12/09/2013","01/31/2020","01/31/2020","01/31/2020","","","","01/28/2020",
"=""Apr20""","05/30/2014","02/28/2020","02/28/2020","02/28/2020","","","","02/25/2020",
"=""May20""","05/30/2014","03/31/2020","03/31/2020","03/31/2020","","","","03/26/2020",
"=""Jun20""","05/30/2014","04/30/2020","04/30/2020","04/30/2020","","","","04/27/2020",
"=""Jul20""","05/30/2014","05/29/2020","05/29/2020","05/29/2020","","","","05/26/2020",
"=""Aug20""","05/30/2014","06/30/2020","06/30/2020","06/30/2020","","","","06/25/2020",
"=""Sep20""","05/30/2014","07/31/2020","07/31/2020","07/31/2020","","","","07/28/2020",
"=""Oct20""","05/30/2014","08/28/2020","08/28/2020","08/28/2020","","","","08/25/2020",
"=""Nov20""","05/30/2014","09/30/2020","09/30/2020","09/30/2020","","","","09/25/2020",
"=""Dec20""","05/30/2014","10/30/2020","10/30/2020","10/30/2020","","","","10/27/2020",
"=""Jan21""","05/30/2014","11/30/2020","11/30/2020","11/30/2020","","","","11/25/2020",
"=""Feb21""","05/30/2014","12/30/2020","12/30/2020","12/30/2020","","","","12/23/2020",
"=""Mar21""","05/30/2014","01/29/2021","01/29/2021","01/29/2021","","","","01/26/2021",
"=""Apr21""","05/30/2014","02/26/2021","02/26/2021","02/26/2021","","","","02/23/2021",
"=""May21""","05/30/2014","03/31/2021","03/31/2021","03/31/2021","","","","03/26/2021",
"=""Jun21""","05/30/2014","04/30/2021","04/30/2021","04/30/2021","","","","04/27/2021",
"=""Jul21""","05/30/2014","05/28/2021","05/28/2021","05/28/2021","","","","05/25/2021",
"=""Aug21""","05/30/2014","06/30/2021","06/30/2021","06/30/2021","","","","06/25/2021",
"=""Sep21""","05/30/2014","07/30/2021","07/30/2021","07/30/2021","","","","07/27/2021",
"=""Oct21""","05/30/2014","08/31/2021","08/31/2021","08/31/2021","","","","08/25/2021",
"=""Nov21""","05/30/2014","09/30/2021","09/30/2021","09/30/2021","","","","09/27/2021",
"=""Dec21""","05/30/2014","10/29/2021","10/29/2021","10/29/2021","","","","10/26/2021",
"=""Jan22""","02/09/2015","11/30/2021","11/30/2021","11/30/2021","","","","11/25/2021",
"=""Feb22""","02/09/2015","12/30/2021","12/30/2021","12/30/2021","","","","12/23/2021",
"=""Mar22""","02/09/2015","01/31/2022","01/31/2022","01/31/2022","","","","01/26/2022",
"=""Apr22""","02/09/2015","02/28/2022","02/28/2022","02/28/2022","","","","02/23/2022",
"=""May22""","02/09/2015","03/31/2022","03/31/2022","03/31/2022","","","","03/28/2022",
"=""Jun22""","02/09/2015","04/29/2022","04/29/2022","04/29/2022","","","","04/26/2022",
"=""Jul22""","02/09/2015","05/31/2022","05/31/2022","05/31/2022","","","","05/25/2022",
"=""Aug22""","02/09/2015","06/30/2022","06/30/2022","06/30/2022","","","","06/27/2022",
"=""Sep22""","02/09/2015","07/29/2022","07/29/2022","07/29/2022","","","","07/26/2022",
"=""Oct22""","02/09/2015","08/31/2022","08/31/2022","08/31/2022","","","","08/25/2022",
"=""Nov22""","02/09/2015","09/30/2022","09/30/2022","09/30/2022","","","","09/27/2022",
"=""Dec22""","02/09/2015","10/31/2022","10/31/2022","10/31/2022","","","","10/26/2022",
